,vem_id,merc_id,date,daily_quantity,merc_brand_code,merc_type_code,machine_type,capacity,scene_code,city_name,merc_sale_price,max_temperature,min_temperature,weather,wind_level,event_name,is_offday,coupon_amount
0,V000,M0000,2025-01-01,5.0,B0,T0,machine_0,30,0,西安市,3.0,18.193057321494617,12.193057321494617,晴,3,无,0,0.0
1,V000,M0000,2025-01-02,0.0,B0,T0,machine_0,30,0,西安市,3.0,19.12002251810784,13.120022518107842,雨,1,无,0,0.0
2,V000,M0000,2025-01-03,8.0,B0,T0,machine_0,30,0,西安市,3.0,20.198926998155162,14.198926998155162,晴,1,无,0,0.0
3,V000,M0000,2025-01-04,7.0,B0,T0,machine_0,30,0,西安市,3.0,21.24939780192605,15.249397801926051,晴,1,无,1,0.0
4,V000,M0000,2025-01-05,7.0,B0,T0,machine_0,30,0,西安市,3.0,19.86105679029616,13.86105679029616,雨,1,无,1,0.0
5,V000,M0000,2025-01-06,0.0,B0,T0,machine_0,30,0,西安市,3.0,19.388243616025576,13.388243616025576,晴,1,无,0,1.0
6,V000,M0000,2025-01-07,0.0,B0,T0,machine_0,30,0,西安市,3.0,21.971982381205255,15.971982381205255,晴,3,无,0,0.0
7,V000,M0000,2025-01-08,0.0,B0,T0,machine_0,30,0,西安市,3.0,20.462820760451088,14.462820760451088,晴,1,无,0,0.0
8,V000,M0000,2025-01-09,7.0,B0,T0,machine_0,30,0,西安市,3.0,24.70127071946368,18.70127071946368,晴,1,无,0,0.0
9,V000,M0000,2025-01-10,8.0,B0,T0,machine_0,30,0,西安市,3.0,22.151696444542488,16.151696444542488,晴,3,无,0,0.0
10,V000,M0000,2025-01-11,6.0,B0,T0,machine_0,30,0,西安市,3.0,24.953779082424425,18.953779082424425,晴,1,无,1,0.0
11,V000,M0000,2025-01-12,0.0,B0,T0,machine_0,30,0,西安市,3.0,25.498376440252784,19.498376440252784,雨,3,无,1,0.0
12,V000,M0000,2025-01-13,0.0,B0,T0,machine_0,30,0,西安市,3.0,20.00512376595468,14.005123765954679,晴,3,无,0,0.0
13,V000,M0000,2025-01-14,4.0,B0,T0,machine_0,30,0,西安市,3.0,22.059841863010472,16.059841863010472,雨,3,无,0,0.0
14,V000,M0000,2025-01-15,0.0,B0,T0,machine_0,30,0,西安市,3.0,23.841410537715586,17.841410537715586,雨,1,无,0,0.0
15,V000,M0000,2025-01-16,7.0,B0,T0,machine_0,30,0,西安市,3.0,20.963276841483555,14.963276841483555,晴,2,无,0,0.0
16,V000,M0000,2025-01-17,8.0,B0,T0,machine_0,30,0,西安市,3.0,22.946087313994926,16.946087313994926,雨,2,无,0,0.0
17,V000,M0000,2025-01-18,8.0,B0,T0,machine_0,30,0,西安市,3.0,25.0547278971721,19.0547278971721,晴,3,无,1,0.0
18,V000,M0000,2025-01-19,0.0,B0,T0,machine_0,30,0,西安市,3.0,21.82081139358224,15.82081139358224,雨,2,无,1,0.0
19,V000,M0000,2025-01-20,6.0,B0,T0,machine_0,30,0,西安市,3.0,23.55620855919688,17.55620855919688,晴,2,无,0,0.0
20,V000,M0000,2025-01-21,6.0,B0,T0,machine_0,30,0,西安市,3.0,21.830274520646075,15.830274520646075,晴,2,无,0,0.0
21,V000,M0000,2025-01-22,6.0,B0,T0,machine_0,30,0,西安市,3.0,26.108952670683195,20.108952670683195,晴,2,无,0,0.0
22,V000,M0000,2025-01-23,0.0,B0,T0,machine_0,30,0,西安市,3.0,23.531302221346255,17.531302221346255,晴,3,无,0,0.0
23,V000,M0000,2025-01-24,0.0,B0,T0,machine_0,30,0,西安市,3.0,22.261158335724556,16.261158335724556,晴,3,无,0,0.0
24,V000,M0000,2025-01-25,0.0,B0,T0,machine_0,30,0,西安市,3.0,28.430430250179768,22.430430250179768,雨,3,无,1,0.0
25,V000,M0000,2025-01-26,0.0,B0,T0,machine_0,30,0,西安市,3.0,21.98462266785363,15.984622667853628,晴,3,无,1,0.0
26,V000,M0000,2025-01-27,5.0,B0,T0,machine_0,30,0,西安市,3.0,22.508579260547634,16.508579260547634,雨,3,无,0,0.0
27,V000,M0000,2025-01-28,6.0,B0,T0,machine_0,30,0,西安市,3.0,24.367856779996426,18.367856779996426,雨,3,节假日,0,0.0
28,V000,M0000,2025-01-29,6.0,B0,T0,machine_0,30,0,西安市,3.0,25.251678180410398,19.251678180410398,雨,2,无,0,0.0
29,V000,M0000,2025-01-30,0.0,B0,T0,machine_0,30,0,西安市,3.0,25.641268318398183,19.641268318398183,晴,2,无,0,0.0
30,V000,M0000,2025-01-31,0.0,B0,T0,machine_0,30,0,西安市,3.0,25.71969796186766,19.71969796186766,雨,3,无,0,0.0
31,V000,M0000,2025-02-01,0.0,B0,T0,machine_0,30,0,西安市,3.0,26.005849178768504,20.005849178768504,雨,1,无,1,0.0
32,V000,M0000,2025-02-02,0.0,B0,T0,machine_0,30,0,西安市,3.0,23.155228771416162,17.155228771416162,晴,1,无,1,0.0
33,V000,M0000,2025-02-03,0.0,B0,T0,machine_0,30,0,西安市,3.0,27.379230094792558,21.379230094792558,晴,1,无,0,0.0
34,V000,M0000,2025-02-04,0.0,B0,T0,machine_0,30,0,西安市,3.0,26.194451971624215,20.194451971624215,晴,2,无,0,0.0
35,V000,M0000,2025-02-05,0.0,B0,T0,machine_0,30,0,西安市,3.0,26.113127758742944,20.113127758742944,晴,3,无,0,0.0
36,V000,M0000,2025-02-06,8.0,B0,T0,machine_0,30,0,西安市,3.0,26.30029171235253,20.30029171235253,晴,1,无,0,0.0
37,V000,M0000,2025-02-07,0.0,B0,T0,machine_0,30,0,西安市,3.0,29.53946912947963,23.53946912947963,晴,1,无,0,0.0
38,V000,M0000,2025-02-08,6.0,B0,T0,machine_0,30,0,西安市,3.0,26.09781879275098,20.09781879275098,晴,1,无,1,1.0
39,V000,M0000,2025-02-09,7.0,B0,T0,machine_0,30,0,西安市,3.0,29.81894621972166,23.81894621972166,晴,1,无,1,0.0
40,V000,M0000,2025-02-10,0.0,B0,T0,machine_0,30,0,西安市,3.0,27.36428192782641,21.36428192782641,晴,2,无,0,0.0
41,V000,M0000,2025-02-11,6.0,B0,T0,machine_0,30,0,西安市,3.0,28.595514051612486,22.595514051612486,雨,2,无,0,0.0
42,V000,M0000,2025-02-12,6.0,B0,T0,machine_0,30,0,西安市,3.0,26.885231230789447,20.885231230789447,晴,2,无,0,0.0
43,V000,M0000,2025-02-13,0.0,B0,T0,machine_0,30,0,西安市,3.0,23.72644716093019,17.72644716093019,雨,1,无,0,0.0
44,V000,M0000,2025-02-14,0.0,B0,T0,machine_0,30,0,西安市,3.0,30.017040137069916,24.017040137069916,晴,3,无,0,0.0
45,V000,M0000,2025-02-15,8.0,B0,T0,machine_0,30,0,西安市,3.0,24.68344592405549,18.68344592405549,雨,3,无,1,0.0
46,V000,M0000,2025-02-16,0.0,B0,T0,machine_0,30,0,西安市,3.0,29.547064455172517,23.547064455172517,晴,2,无,1,0.0
47,V000,M0000,2025-02-17,0.0,B0,T0,machine_0,30,0,西安市,3.0,28.18195080038524,22.18195080038524,晴,2,无,0,1.0
48,V000,M0000,2025-02-18,0.0,B0,T0,machine_0,30,0,西安市,3.0,28.651533522552263,22.651533522552263,雨,3,无,0,0.0
49,V000,M0000,2025-02-19,6.0,B0,T0,machine_0,30,0,西安市,3.0,26.441170761742033,20.441170761742033,晴,1,无,0,0.0
50,V000,M0000,2025-02-20,9.0,B0,T0,machine_0,30,0,西安市,3.0,28.16295005423677,22.16295005423677,晴,3,无,0,0.0
51,V000,M0000,2025-02-21,9.0,B0,T0,machine_0,30,0,西安市,3.0,28.569746239414744,22.569746239414744,晴,2,无,0,0.0
52,V000,M0000,2025-02-22,10.0,B0,T0,machine_0,30,0,西安市,3.0,30.87236766288572,24.87236766288572,晴,3,无,1,0.0
53,V000,M0000,2025-02-23,0.0,B0,T0,machine_0,30,0,西安市,3.0,28.03646299286808,22.03646299286808,晴,3,无,1,1.0
54,V000,M0000,2025-02-24,7.0,B0,T0,machine_0,30,0,西安市,3.0,29.223623592721797,23.223623592721797,晴,3,无,0,0.0
55,V000,M0000,2025-02-25,0.0,B0,T0,machine_0,30,0,西安市,3.0,27.29936667111049,21.29936667111049,雨,2,无,0,0.0
56,V000,M0000,2025-02-26,0.0,B0,T0,machine_0,30,0,西安市,3.0,25.8084118354458,19.8084118354458,晴,1,无,0,1.0
57,V000,M0000,2025-02-27,8.0,B0,T0,machine_0,30,0,西安市,3.0,28.958732415001894,22.958732415001894,雨,2,无,0,0.0
58,V000,M0000,2025-02-28,0.0,B0,T0,machine_0,30,0,西安市,3.0,27.554618847998608,21.554618847998608,晴,1,无,0,0.0
59,V000,M0000,2025-03-01,8.0,B0,T0,machine_0,30,0,西安市,3.0,28.864122446875392,22.864122446875392,雨,1,无,1,0.0
60,V000,M0000,2025-03-02,6.0,B0,T0,machine_0,30,0,西安市,3.0,27.265217021556204,21.265217021556204,雨,3,无,1,1.0
61,V000,M0000,2025-03-03,7.0,B0,T0,machine_0,30,0,西安市,3.0,29.801251562906657,23.801251562906657,雨,3,节假日,0,0.0
62,V000,M0000,2025-03-04,7.0,B0,T0,machine_0,30,0,西安市,3.0,24.854554357325323,18.854554357325323,晴,3,无,0,0.0
63,V000,M0000,2025-03-05,6.0,B0,T0,machine_0,30,0,西安市,3.0,30.418681264050967,24.418681264050967,晴,1,无,0,0.0
64,V000,M0000,2025-03-06,0.0,B0,T0,machine_0,30,0,西安市,3.0,31.651680961057817,25.651680961057817,雨,2,无,0,0.0
65,V000,M0000,2025-03-07,0.0,B0,T0,machine_0,30,0,西安市,3.0,31.77730990716515,25.77730990716515,晴,1,无,0,0.0
66,V000,M0000,2025-03-08,0.0,B0,T0,machine_0,30,0,西安市,3.0,26.180206856723302,20.180206856723302,雨,1,无,1,1.0
67,V000,M0000,2025-03-09,0.0,B0,T0,machine_0,30,0,西安市,3.0,26.445349846412267,20.445349846412267,雨,1,无,1,0.0
68,V000,M0000,2025-03-10,0.0,B0,T0,machine_0,30,0,西安市,3.0,29.013243534416514,23.013243534416514,晴,2,节假日,0,0.0
69,V000,M0000,2025-03-11,7.0,B0,T0,machine_0,30,0,西安市,3.0,27.198867465649872,21.198867465649872,晴,1,无,0,0.0
70,V000,M0001,2025-01-01,5.0,B1,T1,machine_1,31,1,威海市,4.0,19.584575721254087,13.584575721254087,晴,1,无,0,0.0
71,V000,M0001,2025-01-02,5.0,B1,T1,machine_1,31,1,威海市,4.0,18.66928930805707,12.66928930805707,晴,1,无,0,1.0
72,V000,M0001,2025-01-03,6.0,B1,T1,machine_1,31,1,威海市,4.0,21.014268916846422,15.014268916846422,晴,3,无,0,0.0
73,V000,M0001,2025-01-04,6.0,B1,T1,machine_1,31,1,威海市,4.0,18.125885854331536,12.125885854331536,晴,3,无,1,1.0
74,V000,M0001,2025-01-05,6.0,B1,T1,machine_1,31,1,威海市,4.0,21.34296742701614,15.342967427016141,晴,1,无,1,0.0
75,V000,M0001,2025-01-06,4.0,B1,T1,machine_1,31,1,威海市,4.0,19.775841901600508,13.775841901600508,晴,2,无,0,0.0
76,V000,M0001,2025-01-07,6.0,B1,T1,machine_1,31,1,威海市,4.0,22.098279176865933,16.098279176865933,晴,3,无,0,0.0
77,V000,M0001,2025-01-08,7.0,B1,T1,machine_1,31,1,威海市,4.0,18.52531885033453,12.525318850334529,晴,1,无,0,0.0
78,V000,M0001,2025-01-09,4.0,B1,T1,machine_1,31,1,威海市,4.0,22.970728479607608,16.970728479607608,雨,3,无,0,0.0
79,V000,M0001,2025-01-10,4.0,B1,T1,machine_1,31,1,威海市,4.0,21.777146789756642,15.777146789756642,晴,1,无,0,0.0
80,V000,M0001,2025-01-11,7.0,B1,T1,machine_1,31,1,威海市,4.0,20.815362404102995,14.815362404102995,晴,2,无,1,0.0
81,V000,M0001,2025-01-12,5.0,B1,T1,machine_1,31,1,威海市,4.0,25.27291898870998,19.27291898870998,晴,3,无,1,0.0
82,V000,M0001,2025-01-13,7.0,B1,T1,machine_1,31,1,威海市,4.0,21.598247177649768,15.598247177649768,晴,2,无,0,0.0
83,V000,M0001,2025-01-14,4.0,B1,T1,machine_1,31,1,威海市,4.0,23.435742410631672,17.435742410631672,晴,3,无,0,1.0
84,V000,M0001,2025-01-15,7.0,B1,T1,machine_1,31,1,威海市,4.0,22.89745361603599,16.89745361603599,晴,2,无,0,1.0
85,V000,M0001,2025-01-16,6.0,B1,T1,machine_1,31,1,威海市,4.0,20.178017399711887,14.178017399711887,晴,1,无,0,1.0
86,V000,M0001,2025-01-17,6.0,B1,T1,machine_1,31,1,威海市,4.0,26.58047435471818,20.58047435471818,雨,1,节假日,0,0.0
87,V000,M0001,2025-01-18,8.0,B1,T1,machine_1,31,1,威海市,4.0,23.68801277414535,17.68801277414535,晴,2,无,1,0.0
88,V000,M0001,2025-01-19,5.0,B1,T1,machine_1,31,1,威海市,4.0,22.565113208350443,16.565113208350443,晴,3,无,1,0.0
89,V000,M0001,2025-01-20,4.0,B1,T1,machine_1,31,1,威海市,4.0,23.21205345657089,17.21205345657089,雨,3,无,0,1.0
90,V000,M0001,2025-01-21,4.0,B1,T1,machine_1,31,1,威海市,4.0,22.491323829424353,16.491323829424353,晴,1,无,0,0.0
91,V000,M0001,2025-01-22,0.0,B1,T1,machine_1,31,1,威海市,4.0,21.063585006790248,15.063585006790248,晴,2,无,0,0.0
92,V000,M0001,2025-01-23,4.0,B1,T1,machine_1,31,1,威海市,4.0,24.626840301231553,18.626840301231553,晴,1,无,0,0.0
93,V000,M0001,2025-01-24,7.0,B1,T1,machine_1,31,1,威海市,4.0,25.26505029455604,19.26505029455604,晴,3,无,0,0.0
94,V000,M0001,2025-01-25,5.0,B1,T1,machine_1,31,1,威海市,4.0,23.17024608725128,17.17024608725128,晴,2,无,1,0.0
95,V000,M0001,2025-01-26,7.0,B1,T1,machine_1,31,1,威海市,4.0,23.41007493920571,17.41007493920571,晴,1,无,1,0.0
96,V000,M0001,2025-01-27,2.0,B1,T1,machine_1,31,1,威海市,4.0,26.386400723683888,20.386400723683888,晴,3,节假日,0,0.0
97,V000,M0001,2025-01-28,4.0,B1,T1,machine_1,31,1,威海市,4.0,22.7082258202909,16.7082258202909,晴,1,无,0,0.0
98,V000,M0001,2025-01-29,3.0,B1,T1,machine_1,31,1,威海市,4.0,24.297217098776482,18.297217098776482,雨,2,节假日,0,0.0
99,V000,M0001,2025-01-30,5.0,B1,T1,machine_1,31,1,威海市,4.0,23.116605733756877,17.116605733756877,晴,2,无,0,0.0
100,V000,M0001,2025-01-31,6.0,B1,T1,machine_1,31,1,威海市,4.0,25.05941585493045,19.05941585493045,雨,2,节假日,0,0.0
101,V000,M0001,2025-02-01,6.0,B1,T1,machine_1,31,1,威海市,4.0,22.80237422544724,16.80237422544724,晴,3,无,1,0.0
102,V000,M0001,2025-02-02,5.0,B1,T1,machine_1,31,1,威海市,4.0,23.335491152088338,17.335491152088338,晴,1,无,1,0.0
103,V000,M0001,2025-02-03,5.0,B1,T1,machine_1,31,1,威海市,4.0,23.678580247885662,17.678580247885662,雨,1,无,0,1.0
104,V000,M0001,2025-02-04,6.0,B1,T1,machine_1,31,1,威海市,4.0,23.386695724658715,17.386695724658715,晴,3,无,0,0.0
105,V000,M0001,2025-02-05,4.0,B1,T1,machine_1,31,1,威海市,4.0,25.4326607526811,19.4326607526811,晴,3,节假日,0,0.0
106,V000,M0001,2025-02-06,7.0,B1,T1,machine_1,31,1,威海市,4.0,27.561283433496577,21.561283433496577,雨,3,无,0,0.0
107,V000,M0001,2025-02-07,7.0,B1,T1,machine_1,31,1,威海市,4.0,24.043522662124587,18.043522662124587,晴,2,节假日,0,0.0
108,V000,M0001,2025-02-08,7.0,B1,T1,machine_1,31,1,威海市,4.0,29.815656529277305,23.815656529277305,雨,3,无,1,0.0
109,V000,M0001,2025-02-09,6.0,B1,T1,machine_1,31,1,威海市,4.0,25.75579360113126,19.75579360113126,晴,3,无,1,1.0
110,V000,M0001,2025-02-10,6.0,B1,T1,machine_1,31,1,威海市,4.0,28.75839297746067,22.75839297746067,晴,1,无,0,0.0
111,V000,M0001,2025-02-11,8.0,B1,T1,machine_1,31,1,威海市,4.0,29.115676716510336,23.115676716510336,晴,1,无,0,0.0
112,V000,M0001,2025-02-12,6.0,B1,T1,machine_1,31,1,威海市,4.0,27.426019004333668,21.426019004333668,晴,2,无,0,0.0
113,V000,M0001,2025-02-13,6.0,B1,T1,machine_1,31,1,威海市,4.0,30.234160910838316,24.234160910838316,晴,1,无,0,0.0
114,V000,M0001,2025-02-14,5.0,B1,T1,machine_1,31,1,威海市,4.0,29.695833512421785,23.695833512421785,雨,3,无,0,0.0
115,V000,M0001,2025-02-15,5.0,B1,T1,machine_1,31,1,威海市,4.0,27.23733807966658,21.23733807966658,晴,1,节假日,1,0.0
116,V000,M0001,2025-02-16,4.0,B1,T1,machine_1,31,1,威海市,4.0,30.831562716248403,24.831562716248403,晴,2,无,1,0.0
117,V000,M0001,2025-02-17,0.0,B1,T1,machine_1,31,1,威海市,4.0,26.94834226004876,20.94834226004876,晴,1,无,0,0.0
118,V000,M0001,2025-02-18,6.0,B1,T1,machine_1,31,1,威海市,4.0,24.96908979911926,18.96908979911926,晴,2,无,0,0.0
119,V000,M0001,2025-02-19,0.0,B1,T1,machine_1,31,1,威海市,4.0,29.57446085658547,23.57446085658547,雨,2,无,0,0.0
120,V000,M0001,2025-02-20,7.0,B1,T1,machine_1,31,1,威海市,4.0,26.004057612901075,20.004057612901075,晴,2,无,0,0.0
121,V000,M0001,2025-02-21,6.0,B1,T1,machine_1,31,1,威海市,4.0,30.00291781139192,24.00291781139192,晴,2,无,0,0.0
122,V000,M0001,2025-02-22,8.0,B1,T1,machine_1,31,1,威海市,4.0,28.343918957188823,22.343918957188823,雨,1,无,1,0.0
123,V000,M0001,2025-02-23,7.0,B1,T1,machine_1,31,1,威海市,4.0,26.757478714296017,20.757478714296017,晴,3,无,1,0.0
124,V000,M0001,2025-02-24,6.0,B1,T1,machine_1,31,1,威海市,4.0,28.661798635777856,22.661798635777856,晴,1,无,0,0.0
125,V000,M0001,2025-02-25,0.0,B1,T1,machine_1,31,1,威海市,4.0,28.8511445083733,22.8511445083733,雨,1,无,0,0.0
126,V000,M0001,2025-02-26,7.0,B1,T1,machine_1,31,1,威海市,4.0,28.369926156811417,22.369926156811417,晴,2,无,0,0.0
127,V000,M0001,2025-02-27,7.0,B1,T1,machine_1,31,1,威海市,4.0,29.198051805206433,23.198051805206433,晴,2,无,0,1.0
128,V000,M0001,2025-02-28,5.0,B1,T1,machine_1,31,1,威海市,4.0,26.992387080818038,20.992387080818038,晴,2,无,0,0.0
129,V000,M0001,2025-03-01,7.0,B1,T1,machine_1,31,1,威海市,4.0,27.915761132677734,21.915761132677734,晴,1,无,1,0.0
130,V000,M0001,2025-03-02,7.0,B1,T1,machine_1,31,1,威海市,4.0,28.487966247988986,22.487966247988986,晴,2,无,1,0.0
131,V000,M0001,2025-03-03,5.0,B1,T1,machine_1,31,1,威海市,4.0,27.344387991539502,21.344387991539502,晴,1,无,0,0.0
132,V000,M0001,2025-03-04,6.0,B1,T1,machine_1,31,1,威海市,4.0,30.65787781921786,24.65787781921786,晴,2,无,0,0.0
133,V000,M0001,2025-03-05,5.0,B1,T1,machine_1,31,1,威海市,4.0,29.769745259467783,23.769745259467783,晴,2,无,0,0.0
134,V000,M0001,2025-03-06,9.0,B1,T1,machine_1,31,1,威海市,4.0,26.11171042540361,20.11171042540361,晴,2,无,0,0.0
135,V000,M0001,2025-03-07,9.0,B1,T1,machine_1,31,1,威海市,4.0,26.385787795284543,20.385787795284543,晴,3,无,0,0.0
136,V000,M0001,2025-03-08,6.0,B1,T1,machine_1,31,1,威海市,4.0,29.699008451147815,23.699008451147815,晴,1,无,1,0.0
137,V000,M0001,2025-03-09,7.0,B1,T1,machine_1,31,1,威海市,4.0,25.292529996372284,19.292529996372284,晴,3,无,1,0.0
138,V000,M0001,2025-03-10,3.0,B1,T1,machine_1,31,1,威海市,4.0,29.21945192273153,23.21945192273153,晴,1,无,0,1.0
139,V000,M0001,2025-03-11,5.0,B1,T1,machine_1,31,1,威海市,4.0,27.151724572454487,21.151724572454487,雨,3,无,0,0.0
140,V000,M0002,2025-01-01,4.0,B2,T2,machine_0,32,2,西安市,5.0,22.547402347000588,16.547402347000588,晴,2,节假日,0,0.0
141,V000,M0002,2025-01-02,3.0,B2,T2,machine_0,32,2,西安市,5.0,20.34143081334076,14.34143081334076,晴,3,无,0,1.0
142,V000,M0002,2025-01-03,2.0,B2,T2,machine_0,32,2,西安市,5.0,21.870999409617145,15.870999409617145,晴,3,无,0,0.0
143,V000,M0002,2025-01-04,2.0,B2,T2,machine_0,32,2,西安市,5.0,19.163377351967895,13.163377351967895,雨,2,无,1,1.0
144,V000,M0002,2025-01-05,0.0,B2,T2,machine_0,32,2,西安市,5.0,18.94839765257167,12.948397652571671,晴,1,无,1,0.0
145,V000,M0002,2025-01-06,0.0,B2,T2,machine_0,32,2,西安市,5.0,25.92127726459218,19.92127726459218,晴,3,无,0,0.0
146,V000,M0002,2025-01-07,0.0,B2,T2,machine_0,32,2,西安市,5.0,22.024424285025454,16.024424285025454,晴,2,无,0,0.0
147,V000,M0002,2025-01-08,0.0,B2,T2,machine_0,32,2,西安市,5.0,20.459845432683206,14.459845432683206,晴,2,无,0,0.0
148,V000,M0002,2025-01-09,5.0,B2,T2,machine_0,32,2,西安市,5.0,19.39916310206237,13.39916310206237,晴,1,无,0,0.0
149,V000,M0002,2025-01-10,4.0,B2,T2,machine_0,32,2,西安市,5.0,19.48369751567892,13.48369751567892,晴,3,无,0,0.0
150,V000,M0002,2025-01-11,2.0,B2,T2,machine_0,32,2,西安市,5.0,22.335839190650713,16.335839190650713,晴,2,无,1,1.0
151,V000,M0002,2025-01-12,0.0,B2,T2,machine_0,32,2,西安市,5.0,22.538549959489487,16.538549959489487,雨,2,无,1,0.0
152,V000,M0002,2025-01-13,0.0,B2,T2,machine_0,32,2,西安市,5.0,22.44000658126609,16.44000658126609,晴,2,无,0,0.0
153,V000,M0002,2025-01-14,1.0,B2,T2,machine_0,32,2,西安市,5.0,21.833327479888073,15.833327479888073,晴,1,无,0,0.0
154,V000,M0002,2025-01-15,0.0,B2,T2,machine_0,32,2,西安市,5.0,22.914260837214666,16.914260837214666,晴,1,无,0,0.0
155,V000,M0002,2025-01-16,2.0,B2,T2,machine_0,32,2,西安市,5.0,23.708694885986763,17.708694885986763,晴,3,无,0,0.0
156,V000,M0002,2025-01-17,6.0,B2,T2,machine_0,32,2,西安市,5.0,24.11302268303134,18.11302268303134,雨,2,无,0,0.0
157,V000,M0002,2025-01-18,2.0,B2,T2,machine_0,32,2,西安市,5.0,20.337584304309782,14.337584304309782,晴,3,无,1,0.0
158,V000,M0002,2025-01-19,0.0,B2,T2,machine_0,32,2,西安市,5.0,26.18749319629537,20.18749319629537,晴,1,无,1,0.0
159,V000,M0002,2025-01-20,0.0,B2,T2,machine_0,32,2,西安市,5.0,23.533206428621153,17.533206428621153,雨,2,无,0,0.0
160,V000,M0002,2025-01-21,0.0,B2,T2,machine_0,32,2,西安市,5.0,21.559506922894503,15.559506922894503,雨,1,无,0,0.0
161,V000,M0002,2025-01-22,0.0,B2,T2,machine_0,32,2,西安市,5.0,23.328893935876287,17.328893935876287,晴,1,无,0,0.0
162,V000,M0002,2025-01-23,4.0,B2,T2,machine_0,32,2,西安市,5.0,23.368841842081398,17.368841842081398,晴,1,无,0,0.0
163,V000,M0002,2025-01-24,5.0,B2,T2,machine_0,32,2,西安市,5.0,26.778295078815326,20.778295078815326,晴,3,无,0,0.0
164,V000,M0002,2025-01-25,3.0,B2,T2,machine_0,32,2,西安市,5.0,24.246391698966324,18.246391698966324,晴,2,无,1,0.0
165,V000,M0002,2025-01-26,2.0,B2,T2,machine_0,32,2,西安市,5.0,20.324664436626954,14.324664436626954,雨,3,无,1,0.0
166,V000,M0002,2025-01-27,0.0,B2,T2,machine_0,32,2,西安市,5.0,25.428467813459058,19.428467813459058,雨,1,无,0,0.0
167,V000,M0002,2025-01-28,0.0,B2,T2,machine_0,32,2,西安市,5.0,26.56081785400219,20.56081785400219,雨,1,无,0,0.0
168,V000,M0002,2025-01-29,1.0,B2,T2,machine_0,32,2,西安市,5.0,25.00856464631524,19.00856464631524,晴,3,无,0,0.0
169,V000,M0002,2025-01-30,3.0,B2,T2,machine_0,32,2,西安市,5.0,22.563614648851033,16.563614648851033,晴,3,无,0,0.0
170,V000,M0002,2025-01-31,6.0,B2,T2,machine_0,32,2,西安市,5.0,23.116393373899392,17.116393373899392,晴,2,无,0,0.0
171,V000,M0002,2025-02-01,5.0,B2,T2,machine_0,32,2,西安市,5.0,24.506989493041903,18.506989493041903,晴,3,无,1,0.0
172,V000,M0002,2025-02-02,4.0,B2,T2,machine_0,32,2,西安市,5.0,23.384347748894946,17.384347748894946,晴,1,无,1,0.0
173,V000,M0002,2025-02-03,2.0,B2,T2,machine_0,32,2,西安市,5.0,26.25677232724407,20.25677232724407,晴,3,无,0,0.0
174,V000,M0002,2025-02-04,0.0,B2,T2,machine_0,32,2,西安市,5.0,24.066594169707475,18.066594169707475,雨,2,无,0,0.0
175,V000,M0002,2025-02-05,2.0,B2,T2,machine_0,32,2,西安市,5.0,26.538730218665542,20.538730218665542,雨,1,无,0,0.0
176,V000,M0002,2025-02-06,5.0,B2,T2,machine_0,32,2,西安市,5.0,27.96228841158075,21.96228841158075,晴,2,无,0,0.0
177,V000,M0002,2025-02-07,4.0,B2,T2,machine_0,32,2,西安市,5.0,23.628768939506266,17.628768939506266,晴,1,无,0,0.0
178,V000,M0002,2025-02-08,3.0,B2,T2,machine_0,32,2,西安市,5.0,23.575385217825318,17.575385217825318,晴,2,无,1,0.0
179,V000,M0002,2025-02-09,2.0,B2,T2,machine_0,32,2,西安市,5.0,25.005898085452756,19.005898085452756,晴,1,节假日,1,0.0
180,V000,M0002,2025-02-10,0.0,B2,T2,machine_0,32,2,西安市,5.0,27.081317752720924,21.081317752720924,晴,2,无,0,1.0
181,V000,M0002,2025-02-11,0.0,B2,T2,machine_0,32,2,西安市,5.0,21.312929512584375,15.312929512584375,雨,1,无,0,0.0
182,V000,M0002,2025-02-12,1.0,B2,T2,machine_0,32,2,西安市,5.0,24.35371823973325,18.35371823973325,晴,3,无,0,0.0
183,V000,M0002,2025-02-13,5.0,B2,T2,machine_0,32,2,西安市,5.0,28.43564532366699,22.43564532366699,雨,3,无,0,0.0
184,V000,M0002,2025-02-14,4.0,B2,T2,machine_0,32,2,西安市,5.0,25.841288686049086,19.841288686049086,晴,3,无,0,1.0
185,V000,M0002,2025-02-15,4.0,B2,T2,machine_0,32,2,西安市,5.0,24.7483095590212,18.7483095590212,晴,3,无,1,0.0
186,V000,M0002,2025-02-16,2.0,B2,T2,machine_0,32,2,西安市,5.0,27.890460120537753,21.890460120537753,晴,2,无,1,0.0
187,V000,M0002,2025-02-17,0.0,B2,T2,machine_0,32,2,西安市,5.0,30.457930469884833,24.457930469884833,晴,1,无,0,0.0
188,V000,M0002,2025-02-18,0.0,B2,T2,machine_0,32,2,西安市,5.0,26.407767867854123,20.407767867854123,晴,3,无,0,1.0
189,V000,M0002,2025-02-19,3.0,B2,T2,machine_0,32,2,西安市,5.0,27.23992906435293,21.23992906435293,晴,2,无,0,0.0
190,V000,M0002,2025-02-20,2.0,B2,T2,machine_0,32,2,西安市,5.0,26.100326290246,20.100326290246,晴,2,无,0,0.0
191,V000,M0002,2025-02-21,7.0,B2,T2,machine_0,32,2,西安市,5.0,27.72588198702093,21.72588198702093,雨,2,无,0,0.0
192,V000,M0002,2025-02-22,2.0,B2,T2,machine_0,32,2,西安市,5.0,28.104283393483335,22.104283393483335,雨,3,无,1,0.0
193,V000,M0002,2025-02-23,0.0,B2,T2,machine_0,32,2,西安市,5.0,26.34149665205519,20.34149665205519,晴,2,无,1,0.0
194,V000,M0002,2025-02-24,0.0,B2,T2,machine_0,32,2,西安市,5.0,31.189321897908897,25.189321897908897,晴,3,无,0,0.0
195,V000,M0002,2025-02-25,0.0,B2,T2,machine_0,32,2,西安市,5.0,28.261476165253253,22.261476165253253,雨,2,无,0,0.0
196,V000,M0002,2025-02-26,2.0,B2,T2,machine_0,32,2,西安市,5.0,27.875648007449232,21.875648007449232,晴,1,无,0,0.0
197,V000,M0002,2025-02-27,4.0,B2,T2,machine_0,32,2,西安市,5.0,28.52712095257952,22.52712095257952,晴,3,无,0,0.0
198,V000,M0002,2025-02-28,4.0,B2,T2,machine_0,32,2,西安市,5.0,32.50518973607796,26.50518973607796,晴,1,无,0,0.0
199,V000,M0002,2025-03-01,4.0,B2,T2,machine_0,32,2,西安市,5.0,24.329243804357993,18.329243804357993,晴,1,无,1,1.0
200,V000,M0002,2025-03-02,2.0,B2,T2,machine_0,32,2,西安市,5.0,27.351729762682336,21.351729762682336,雨,3,无,1,0.0
201,V000,M0002,2025-03-03,0.0,B2,T2,machine_0,32,2,西安市,5.0,23.666580781796704,17.666580781796704,晴,2,无,0,0.0
202,V000,M0002,2025-03-04,1.0,B2,T2,machine_0,32,2,西安市,5.0,23.879258079464552,17.879258079464552,晴,3,无,0,0.0
203,V000,M0002,2025-03-05,3.0,B2,T2,machine_0,32,2,西安市,5.0,26.55981190766097,20.55981190766097,晴,2,无,0,0.0
204,V000,M0002,2025-03-06,0.0,B2,T2,machine_0,32,2,西安市,5.0,30.127229534860618,24.127229534860618,晴,1,无,0,0.0
205,V000,M0002,2025-03-07,4.0,B2,T2,machine_0,32,2,西安市,5.0,31.450965254613845,25.450965254613845,雨,1,无,0,0.0
206,V000,M0002,2025-03-08,0.0,B2,T2,machine_0,32,2,西安市,5.0,26.015511191173637,20.015511191173637,雨,2,无,1,0.0
207,V000,M0002,2025-03-09,1.0,B2,T2,machine_0,32,2,西安市,5.0,28.96209428850703,22.96209428850703,雨,2,无,1,0.0
208,V000,M0002,2025-03-10,0.0,B2,T2,machine_0,32,2,西安市,5.0,31.028504043955007,25.028504043955007,晴,1,无,0,0.0
209,V000,M0002,2025-03-11,2.0,B2,T2,machine_0,32,2,西安市,5.0,30.65414830909561,24.65414830909561,晴,3,无,0,0.0
210,V000,M0003,2025-01-01,7.0,B3,T3,machine_1,33,0,威海市,6.0,20.832020638872876,14.832020638872876,晴,3,无,0,0.0
211,V000,M0003,2025-01-02,7.0,B3,T3,machine_1,33,0,威海市,6.0,21.000952061890533,15.000952061890533,晴,1,无,0,0.0
212,V000,M0003,2025-01-03,0.0,B3,T3,machine_1,33,0,威海市,6.0,19.27111636690143,13.271116366901431,晴,1,无,0,0.0
213,V000,M0003,2025-01-04,9.0,B3,T3,machine_1,33,0,威海市,6.0,18.38785327971847,12.38785327971847,晴,1,无,1,0.0
214,V000,M0003,2025-01-05,6.0,B3,T3,machine_1,33,0,威海市,6.0,19.610441170944107,13.610441170944107,晴,1,无,1,0.0
215,V000,M0003,2025-01-06,6.0,B3,T3,machine_1,33,0,威海市,6.0,16.81663227981497,10.816632279814971,晴,1,无,0,0.0
216,V000,M0003,2025-01-07,0.0,B3,T3,machine_1,33,0,威海市,6.0,21.337906787332198,15.337906787332198,晴,3,无,0,0.0
217,V000,M0003,2025-01-08,3.0,B3,T3,machine_1,33,0,威海市,6.0,21.793370303304943,15.793370303304943,晴,1,无,0,0.0
218,V000,M0003,2025-01-09,3.0,B3,T3,machine_1,33,0,威海市,6.0,17.674026735216575,11.674026735216575,晴,2,无,0,1.0
219,V000,M0003,2025-01-10,5.0,B3,T3,machine_1,33,0,威海市,6.0,20.86400602225098,14.86400602225098,晴,2,节假日,0,0.0
220,V000,M0003,2025-01-11,0.0,B3,T3,machine_1,33,0,威海市,6.0,17.61287976347873,11.61287976347873,晴,2,无,1,0.0
221,V000,M0003,2025-01-12,4.0,B3,T3,machine_1,33,0,威海市,6.0,19.72138880576411,13.72138880576411,雨,2,无,1,0.0
222,V000,M0003,2025-01-13,2.0,B3,T3,machine_1,33,0,威海市,6.0,18.844519741214953,12.844519741214953,晴,3,无,0,0.0
223,V000,M0003,2025-01-14,6.0,B3,T3,machine_1,33,0,威海市,6.0,22.86063843749799,16.86063843749799,晴,3,无,0,1.0
224,V000,M0003,2025-01-15,6.0,B3,T3,machine_1,33,0,威海市,6.0,18.99205673603493,12.992056736034929,晴,2,无,0,0.0
225,V000,M0003,2025-01-16,5.0,B3,T3,machine_1,33,0,威海市,6.0,21.270896536524653,15.270896536524653,晴,1,无,0,0.0
226,V000,M0003,2025-01-17,6.0,B3,T3,machine_1,33,0,威海市,6.0,21.62808211256713,15.628082112567132,雨,3,无,0,0.0
227,V000,M0003,2025-01-18,3.0,B3,T3,machine_1,33,0,威海市,6.0,22.26513265482143,16.26513265482143,雨,1,无,1,0.0
228,V000,M0003,2025-01-19,0.0,B3,T3,machine_1,33,0,威海市,6.0,21.33225419907221,15.33225419907221,晴,2,无,1,0.0
229,V000,M0003,2025-01-20,2.0,B3,T3,machine_1,33,0,威海市,6.0,20.201032394344647,14.201032394344647,晴,3,无,0,0.0
230,V000,M0003,2025-01-21,0.0,B3,T3,machine_1,33,0,威海市,6.0,23.51088368555654,17.51088368555654,晴,3,节假日,0,0.0
231,V000,M0003,2025-01-22,4.0,B3,T3,machine_1,33,0,威海市,6.0,19.268870686820723,13.268870686820723,雨,1,无,0,0.0
232,V000,M0003,2025-01-23,4.0,B3,T3,machine_1,33,0,威海市,6.0,24.957039054488952,18.957039054488952,雨,1,无,0,0.0
233,V000,M0003,2025-01-24,3.0,B3,T3,machine_1,33,0,威海市,6.0,25.900411494510283,19.900411494510283,雨,2,无,0,0.0
234,V000,M0003,2025-01-25,0.0,B3,T3,machine_1,33,0,威海市,6.0,21.35199661995542,15.351996619955418,晴,3,无,1,0.0
235,V000,M0003,2025-01-26,1.0,B3,T3,machine_1,33,0,威海市,6.0,24.969455218153527,18.969455218153527,晴,3,无,1,0.0
236,V000,M0003,2025-01-27,6.0,B3,T3,machine_1,33,0,威海市,6.0,24.37242368499827,18.37242368499827,雨,2,无,0,0.0
237,V000,M0003,2025-01-28,2.0,B3,T3,machine_1,33,0,威海市,6.0,27.35174490076303,21.35174490076303,晴,2,无,0,1.0
238,V000,M0003,2025-01-29,5.0,B3,T3,machine_1,33,0,威海市,6.0,24.019736549742394,18.019736549742394,晴,2,无,0,0.0
239,V000,M0003,2025-01-30,1.0,B3,T3,machine_1,33,0,威海市,6.0,23.581612444612777,17.581612444612777,晴,1,无,0,0.0
240,V000,M0003,2025-01-31,7.0,B3,T3,machine_1,33,0,威海市,6.0,25.734734486901004,19.734734486901004,雨,1,无,0,0.0
241,V000,M0003,2025-02-01,4.0,B3,T3,machine_1,33,0,威海市,6.0,27.58516922667306,21.58516922667306,晴,1,无,1,0.0
242,V000,M0003,2025-02-02,5.0,B3,T3,machine_1,33,0,威海市,6.0,28.560956311215044,22.560956311215044,雨,3,无,1,0.0
243,V000,M0003,2025-02-03,9.0,B3,T3,machine_1,33,0,威海市,6.0,25.816229719965744,19.816229719965744,雨,3,无,0,1.0
244,V000,M0003,2025-02-04,7.0,B3,T3,machine_1,33,0,威海市,6.0,22.136576932305477,16.136576932305477,晴,1,无,0,0.0
245,V000,M0003,2025-02-05,3.0,B3,T3,machine_1,33,0,威海市,6.0,26.814100071291737,20.814100071291737,晴,3,无,0,0.0
246,V000,M0003,2025-02-06,3.0,B3,T3,machine_1,33,0,威海市,6.0,22.96305519866165,16.96305519866165,晴,3,无,0,0.0
247,V000,M0003,2025-02-07,4.0,B3,T3,machine_1,33,0,威海市,6.0,24.69649157885993,18.69649157885993,晴,2,无,0,0.0
248,V000,M0003,2025-02-08,5.0,B3,T3,machine_1,33,0,威海市,6.0,25.449207521362354,19.449207521362354,晴,3,无,1,1.0
249,V000,M0003,2025-02-09,4.0,B3,T3,machine_1,33,0,威海市,6.0,27.857915940572685,21.857915940572685,晴,1,无,1,0.0
250,V000,M0003,2025-02-10,3.0,B3,T3,machine_1,33,0,威海市,6.0,26.280971428268547,20.280971428268547,晴,1,节假日,0,0.0
251,V000,M0003,2025-02-11,7.0,B3,T3,machine_1,33,0,威海市,6.0,26.620344895252956,20.620344895252956,晴,3,无,0,0.0
252,V000,M0003,2025-02-12,4.0,B3,T3,machine_1,33,0,威海市,6.0,23.548331437776028,17.548331437776028,晴,3,无,0,0.0
253,V000,M0003,2025-02-13,0.0,B3,T3,machine_1,33,0,威海市,6.0,28.847591397939595,22.847591397939595,晴,1,无,0,0.0
254,V000,M0003,2025-02-14,0.0,B3,T3,machine_1,33,0,威海市,6.0,23.993244464952795,17.993244464952795,晴,1,无,0,0.0
255,V000,M0003,2025-02-15,8.0,B3,T3,machine_1,33,0,威海市,6.0,28.39699354147526,22.39699354147526,晴,2,节假日,1,0.0
256,V000,M0003,2025-02-16,5.0,B3,T3,machine_1,33,0,威海市,6.0,28.98255358314461,22.98255358314461,雨,2,无,1,0.0
257,V000,M0003,2025-02-17,6.0,B3,T3,machine_1,33,0,威海市,6.0,26.290415241754342,20.290415241754342,雨,3,无,0,0.0
258,V000,M0003,2025-02-18,3.0,B3,T3,machine_1,33,0,威海市,6.0,32.218933977018416,26.218933977018416,雨,2,无,0,0.0
259,V000,M0003,2025-02-19,0.0,B3,T3,machine_1,33,0,威海市,6.0,27.865897031466712,21.865897031466712,晴,1,无,0,0.0
260,V000,M0003,2025-02-20,5.0,B3,T3,machine_1,33,0,威海市,6.0,26.787271672102193,20.787271672102193,晴,1,无,0,0.0
261,V000,M0003,2025-02-21,7.0,B3,T3,machine_1,33,0,威海市,6.0,23.25148570326425,17.25148570326425,晴,1,无,0,1.0
262,V000,M0003,2025-02-22,4.0,B3,T3,machine_1,33,0,威海市,6.0,28.16264998812316,22.16264998812316,晴,3,无,1,0.0
263,V000,M0003,2025-02-23,1.0,B3,T3,machine_1,33,0,威海市,6.0,30.10824145389428,24.10824145389428,雨,1,节假日,1,1.0
264,V000,M0003,2025-02-24,1.0,B3,T3,machine_1,33,0,威海市,6.0,30.370100113358454,24.370100113358454,雨,2,无,0,0.0
265,V000,M0003,2025-02-25,1.0,B3,T3,machine_1,33,0,威海市,6.0,28.28981199770334,22.28981199770334,晴,3,无,0,0.0
266,V000,M0003,2025-02-26,0.0,B3,T3,machine_1,33,0,威海市,6.0,25.42774879237805,19.42774879237805,晴,3,无,0,0.0
267,V000,M0003,2025-02-27,5.0,B3,T3,machine_1,33,0,威海市,6.0,26.766676198803097,20.766676198803097,晴,2,无,0,0.0
268,V000,M0003,2025-02-28,0.0,B3,T3,machine_1,33,0,威海市,6.0,29.511337223655786,23.511337223655786,晴,3,无,0,0.0
269,V000,M0003,2025-03-01,4.0,B3,T3,machine_1,33,0,威海市,6.0,29.215277622972273,23.215277622972273,晴,3,无,1,0.0
270,V000,M0003,2025-03-02,0.0,B3,T3,machine_1,33,0,威海市,6.0,27.43667044211324,21.43667044211324,晴,3,无,1,0.0
271,V000,M0003,2025-03-03,4.0,B3,T3,machine_1,33,0,威海市,6.0,32.178804959466575,26.178804959466575,晴,2,无,0,0.0
272,V000,M0003,2025-03-04,4.0,B3,T3,machine_1,33,0,威海市,6.0,26.48827446614677,20.48827446614677,晴,2,节假日,0,0.0
273,V000,M0003,2025-03-05,9.0,B3,T3,machine_1,33,0,威海市,6.0,28.631244707554977,22.631244707554977,雨,3,无,0,0.0
274,V000,M0003,2025-03-06,1.0,B3,T3,machine_1,33,0,威海市,6.0,34.61544663671522,28.61544663671522,雨,3,无,0,0.0
275,V000,M0003,2025-03-07,4.0,B3,T3,machine_1,33,0,威海市,6.0,26.479455759094286,20.479455759094286,晴,3,无,0,1.0
276,V000,M0003,2025-03-08,8.0,B3,T3,machine_1,33,0,威海市,6.0,26.447674784294204,20.447674784294204,晴,2,无,1,0.0
277,V000,M0003,2025-03-09,5.0,B3,T3,machine_1,33,0,威海市,6.0,29.40059095414182,23.40059095414182,晴,2,无,1,0.0
278,V000,M0003,2025-03-10,6.0,B3,T3,machine_1,33,0,威海市,6.0,31.70118421923828,25.70118421923828,晴,2,无,0,0.0
279,V000,M0003,2025-03-11,5.0,B3,T3,machine_1,33,0,威海市,6.0,26.02170115706476,20.02170115706476,雨,2,无,0,0.0
280,V000,M0004,2025-01-01,7.0,B0,T4,machine_0,34,1,西安市,7.0,17.848264748798172,11.848264748798172,雨,2,无,0,0.0
281,V000,M0004,2025-01-02,6.0,B0,T4,machine_0,34,1,西安市,7.0,17.88838501484377,11.88838501484377,晴,2,无,0,0.0
282,V000,M0004,2025-01-03,6.0,B0,T4,machine_0,34,1,西安市,7.0,19.0118749360975,13.011874936097499,晴,1,无,0,0.0
283,V000,M0004,2025-01-04,7.0,B0,T4,machine_0,34,1,西安市,7.0,21.178766286013865,15.178766286013865,晴,1,无,1,0.0
284,V000,M0004,2025-01-05,5.0,B0,T4,machine_0,34,1,西安市,7.0,18.810590161548454,12.810590161548454,晴,3,无,1,0.0
285,V000,M0004,2025-01-06,5.0,B0,T4,machine_0,34,1,西安市,7.0,21.35965829323818,15.35965829323818,晴,3,无,0,0.0
286,V000,M0004,2025-01-07,5.0,B0,T4,machine_0,34,1,西安市,7.0,19.733304934210924,13.733304934210924,雨,2,无,0,0.0
287,V000,M0004,2025-01-08,5.0,B0,T4,machine_0,34,1,西安市,7.0,22.965875782172642,16.965875782172642,晴,1,无,0,0.0
288,V000,M0004,2025-01-09,4.0,B0,T4,machine_0,34,1,西安市,7.0,24.936261572584513,18.936261572584513,晴,1,无,0,0.0
289,V000,M0004,2025-01-10,7.0,B0,T4,machine_0,34,1,西安市,7.0,24.863097097032234,18.863097097032234,晴,2,无,0,0.0
290,V000,M0004,2025-01-11,8.0,B0,T4,machine_0,34,1,西安市,7.0,21.944361499409553,15.944361499409553,晴,1,节假日,1,0.0
291,V000,M0004,2025-01-12,8.0,B0,T4,machine_0,34,1,西安市,7.0,20.516610861624912,14.516610861624912,晴,2,无,1,0.0
292,V000,M0004,2025-01-13,4.0,B0,T4,machine_0,34,1,西安市,7.0,23.309861653975776,17.309861653975776,雨,3,无,0,0.0
293,V000,M0004,2025-01-14,7.0,B0,T4,machine_0,34,1,西安市,7.0,22.994402511334624,16.994402511334624,晴,2,无,0,1.0
294,V000,M0004,2025-01-15,8.0,B0,T4,machine_0,34,1,西安市,7.0,21.649630991454853,15.649630991454853,晴,3,无,0,0.0
295,V000,M0004,2025-01-16,6.0,B0,T4,machine_0,34,1,西安市,7.0,24.964938084468535,18.964938084468535,雨,2,无,0,0.0
296,V000,M0004,2025-01-17,6.0,B0,T4,machine_0,34,1,西安市,7.0,24.1361754719984,18.1361754719984,晴,1,无,0,0.0
297,V000,M0004,2025-01-18,4.0,B0,T4,machine_0,34,1,西安市,7.0,23.36780781422217,17.36780781422217,晴,3,节假日,1,0.0
298,V000,M0004,2025-01-19,6.0,B0,T4,machine_0,34,1,西安市,7.0,24.165902551571605,18.165902551571605,晴,3,无,1,0.0
299,V000,M0004,2025-01-20,5.0,B0,T4,machine_0,34,1,西安市,7.0,20.70828035847273,14.70828035847273,晴,3,无,0,0.0
300,V000,M0004,2025-01-21,6.0,B0,T4,machine_0,34,1,西安市,7.0,23.947582275686234,17.947582275686234,晴,3,无,0,0.0
301,V000,M0004,2025-01-22,5.0,B0,T4,machine_0,34,1,西安市,7.0,22.903417746431145,16.903417746431145,晴,3,无,0,0.0
302,V000,M0004,2025-01-23,7.0,B0,T4,machine_0,34,1,西安市,7.0,25.849743831432882,19.849743831432882,晴,2,无,0,0.0
303,V000,M0004,2025-01-24,7.0,B0,T4,machine_0,34,1,西安市,7.0,27.84776964553055,21.84776964553055,晴,1,无,0,0.0
304,V000,M0004,2025-01-25,6.0,B0,T4,machine_0,34,1,西安市,7.0,25.492821159220043,19.492821159220043,雨,1,无,1,0.0
305,V000,M0004,2025-01-26,5.0,B0,T4,machine_0,34,1,西安市,7.0,21.878346370203232,15.878346370203232,雨,3,无,1,0.0
306,V000,M0004,2025-01-27,4.0,B0,T4,machine_0,34,1,西安市,7.0,24.589864279968747,18.589864279968747,晴,3,无,0,0.0
307,V000,M0004,2025-01-28,6.0,B0,T4,machine_0,34,1,西安市,7.0,22.44971222683101,16.44971222683101,晴,3,无,0,0.0
308,V000,M0004,2025-01-29,6.0,B0,T4,machine_0,34,1,西安市,7.0,25.546713562385854,19.546713562385854,晴,3,无,0,0.0
309,V000,M0004,2025-01-30,5.0,B0,T4,machine_0,34,1,西安市,7.0,25.99914337764924,19.99914337764924,晴,1,节假日,0,0.0
310,V000,M0004,2025-01-31,7.0,B0,T4,machine_0,34,1,西安市,7.0,21.13121131378679,15.131211313786789,晴,3,无,0,0.0
311,V000,M0004,2025-02-01,6.0,B0,T4,machine_0,34,1,西安市,7.0,25.165206343586235,19.165206343586235,晴,1,无,1,0.0
312,V000,M0004,2025-02-02,5.0,B0,T4,machine_0,34,1,西安市,7.0,26.194579502853934,20.194579502853934,雨,1,无,1,1.0
313,V000,M0004,2025-02-03,6.0,B0,T4,machine_0,34,1,西安市,7.0,27.078499049657992,21.078499049657992,晴,1,无,0,0.0
314,V000,M0004,2025-02-04,7.0,B0,T4,machine_0,34,1,西安市,7.0,26.602657128730492,20.602657128730492,晴,3,无,0,0.0
315,V000,M0004,2025-02-05,7.0,B0,T4,machine_0,34,1,西安市,7.0,25.997187800453407,19.997187800453407,晴,3,无,0,1.0
316,V000,M0004,2025-02-06,6.0,B0,T4,machine_0,34,1,西安市,7.0,22.330978775866143,16.330978775866143,晴,2,节假日,0,0.0
317,V000,M0004,2025-02-07,7.0,B0,T4,machine_0,34,1,西安市,7.0,27.62851728589092,21.62851728589092,晴,3,无,0,0.0
318,V000,M0004,2025-02-08,5.0,B0,T4,machine_0,34,1,西安市,7.0,24.125893191641055,18.125893191641055,雨,3,无,1,0.0
319,V000,M0004,2025-02-09,6.0,B0,T4,machine_0,34,1,西安市,7.0,28.176799098039666,22.176799098039666,晴,1,无,1,0.0
320,V000,M0004,2025-02-10,7.0,B0,T4,machine_0,34,1,西安市,7.0,26.611692216823243,20.611692216823243,晴,3,无,0,0.0
321,V000,M0004,2025-02-11,6.0,B0,T4,machine_0,34,1,西安市,7.0,26.704780188223147,20.704780188223147,晴,3,无,0,0.0
322,V000,M0004,2025-02-12,7.0,B0,T4,machine_0,34,1,西安市,7.0,27.13079934795585,21.13079934795585,晴,2,无,0,0.0
323,V000,M0004,2025-02-13,6.0,B0,T4,machine_0,34,1,西安市,7.0,27.066531500435435,21.066531500435435,晴,2,无,0,1.0
324,V000,M0004,2025-02-14,7.0,B0,T4,machine_0,34,1,西安市,7.0,25.396971780730507,19.396971780730507,雨,3,无,0,0.0
325,V000,M0004,2025-02-15,7.0,B0,T4,machine_0,34,1,西安市,7.0,29.634795921487218,23.634795921487218,晴,2,无,1,0.0
326,V000,M0004,2025-02-16,4.0,B0,T4,machine_0,34,1,西安市,7.0,28.024915681843186,22.024915681843186,晴,1,无,1,0.0
327,V000,M0004,2025-02-17,8.0,B0,T4,machine_0,34,1,西安市,7.0,26.625415643853373,20.625415643853373,晴,1,无,0,0.0
328,V000,M0004,2025-02-18,3.0,B0,T4,machine_0,34,1,西安市,7.0,25.776232691197514,19.776232691197514,晴,1,无,0,0.0
329,V000,M0004,2025-02-19,6.0,B0,T4,machine_0,34,1,西安市,7.0,25.964150626590968,19.964150626590968,晴,3,无,0,0.0
330,V000,M0004,2025-02-20,8.0,B0,T4,machine_0,34,1,西安市,7.0,25.806241219395375,19.806241219395375,晴,3,无,0,0.0
331,V000,M0004,2025-02-21,0.0,B0,T4,machine_0,34,1,西安市,7.0,29.0129452620655,23.0129452620655,雨,2,无,0,1.0
332,V000,M0004,2025-02-22,5.0,B0,T4,machine_0,34,1,西安市,7.0,26.432703405813555,20.432703405813555,晴,1,无,1,0.0
333,V000,M0004,2025-02-23,6.0,B0,T4,machine_0,34,1,西安市,7.0,25.580403451167953,19.580403451167953,晴,2,无,1,0.0
334,V000,M0004,2025-02-24,8.0,B0,T4,machine_0,34,1,西安市,7.0,29.130847493350114,23.130847493350114,雨,1,无,0,0.0
335,V000,M0004,2025-02-25,5.0,B0,T4,machine_0,34,1,西安市,7.0,24.489796027774553,18.489796027774553,晴,2,无,0,0.0
336,V000,M0004,2025-02-26,0.0,B0,T4,machine_0,34,1,西安市,7.0,28.06809581555141,22.06809581555141,晴,3,无,0,0.0
337,V000,M0004,2025-02-27,0.0,B0,T4,machine_0,34,1,西安市,7.0,26.544037080460576,20.544037080460576,晴,2,无,0,0.0
338,V000,M0004,2025-02-28,6.0,B0,T4,machine_0,34,1,西安市,7.0,24.785547781046365,18.785547781046365,晴,1,无,0,0.0
339,V000,M0004,2025-03-01,0.0,B0,T4,machine_0,34,1,西安市,7.0,27.50856921891575,21.50856921891575,晴,2,无,1,0.0
340,V000,M0004,2025-03-02,6.0,B0,T4,machine_0,34,1,西安市,7.0,30.83627595719771,24.83627595719771,晴,1,无,1,0.0
341,V000,M0004,2025-03-03,8.0,B0,T4,machine_0,34,1,西安市,7.0,27.89051618492466,21.89051618492466,晴,3,无,0,0.0
342,V000,M0004,2025-03-04,7.0,B0,T4,machine_0,34,1,西安市,7.0,32.39731691287328,26.39731691287328,晴,1,无,0,0.0
343,V000,M0004,2025-03-05,5.0,B0,T4,machine_0,34,1,西安市,7.0,27.621287625375214,21.621287625375214,晴,1,无,0,0.0
344,V000,M0004,2025-03-06,6.0,B0,T4,machine_0,34,1,西安市,7.0,29.168295658017684,23.168295658017684,晴,2,节假日,0,0.0
345,V000,M0004,2025-03-07,0.0,B0,T4,machine_0,34,1,西安市,7.0,30.228702070668223,24.228702070668223,晴,3,无,0,0.0
346,V000,M0004,2025-03-08,8.0,B0,T4,machine_0,34,1,西安市,7.0,26.986157224118685,20.986157224118685,晴,3,无,1,0.0
347,V000,M0004,2025-03-09,5.0,B0,T4,machine_0,34,1,西安市,7.0,29.13151503473324,23.13151503473324,晴,3,无,1,0.0
348,V000,M0004,2025-03-10,0.0,B0,T4,machine_0,34,1,西安市,7.0,31.734168271092173,25.734168271092173,晴,2,无,0,0.0
349,V000,M0004,2025-03-11,7.0,B0,T4,machine_0,34,1,西安市,7.0,28.097335046931928,22.097335046931928,晴,2,节假日,0,0.0
350,V001,M0005,2025-01-01,0.0,B1,T5,machine_1,30,2,威海市,8.0,16.85235779871897,10.85235779871897,晴,2,无,0,0.0
351,V001,M0005,2025-01-02,0.0,B1,T5,machine_1,30,2,威海市,8.0,19.97762100337294,13.977621003372938,晴,2,无,0,0.0
352,V001,M0005,2025-01-03,0.0,B1,T5,machine_1,30,2,威海市,8.0,22.47657841557618,16.47657841557618,晴,1,无,0,0.0
353,V001,M0005,2025-01-04,0.0,B1,T5,machine_1,30,2,威海市,8.0,18.956144500358626,12.956144500358626,雨,3,无,1,0.0
354,V001,M0005,2025-01-05,0.0,B1,T5,machine_1,30,2,威海市,8.0,16.115256931247437,10.115256931247437,晴,1,无,1,0.0
355,V001,M0005,2025-01-06,0.0,B1,T5,machine_1,30,2,威海市,8.0,18.14831537500624,12.148315375006241,晴,1,无,0,0.0
356,V001,M0005,2025-01-07,4.0,B1,T5,machine_1,30,2,威海市,8.0,19.937908803375706,13.937908803375706,晴,3,无,0,0.0
357,V001,M0005,2025-01-08,8.0,B1,T5,machine_1,30,2,威海市,8.0,24.4725688533909,18.4725688533909,雨,3,无,0,0.0
358,V001,M0005,2025-01-09,7.0,B1,T5,machine_1,30,2,威海市,8.0,25.756857673199104,19.756857673199104,晴,2,无,0,0.0
359,V001,M0005,2025-01-10,0.0,B1,T5,machine_1,30,2,威海市,8.0,23.76809358292242,17.76809358292242,晴,2,无,0,0.0
360,V001,M0005,2025-01-11,0.0,B1,T5,machine_1,30,2,威海市,8.0,19.966243897029983,13.966243897029983,雨,3,无,1,0.0
361,V001,M0005,2025-01-12,0.0,B1,T5,machine_1,30,2,威海市,8.0,24.042123655011554,18.042123655011554,晴,2,无,1,0.0
362,V001,M0005,2025-01-13,0.0,B1,T5,machine_1,30,2,威海市,8.0,20.275977584015735,14.275977584015735,雨,3,无,0,0.0
363,V001,M0005,2025-01-14,0.0,B1,T5,machine_1,30,2,威海市,8.0,21.470564056723244,15.470564056723244,晴,3,无,0,0.0
364,V001,M0005,2025-01-15,0.0,B1,T5,machine_1,30,2,威海市,8.0,21.747207597301774,15.747207597301774,晴,2,无,0,0.0
365,V001,M0005,2025-01-16,10.0,B1,T5,machine_1,30,2,威海市,8.0,24.711458944985573,18.711458944985573,晴,3,无,0,0.0
366,V001,M0005,2025-01-17,0.0,B1,T5,machine_1,30,2,威海市,8.0,20.36599819539382,14.365998195393821,晴,2,无,0,0.0
367,V001,M0005,2025-01-18,9.0,B1,T5,machine_1,30,2,威海市,8.0,21.501040476598792,15.501040476598792,雨,1,无,1,0.0
368,V001,M0005,2025-01-19,0.0,B1,T5,machine_1,30,2,威海市,8.0,23.24495544747565,17.24495544747565,晴,2,无,1,1.0
369,V001,M0005,2025-01-20,0.0,B1,T5,machine_1,30,2,威海市,8.0,21.559993983739933,15.559993983739933,晴,1,无,0,0.0
370,V001,M0005,2025-01-21,0.0,B1,T5,machine_1,30,2,威海市,8.0,25.06105970568109,19.06105970568109,雨,1,无,0,0.0
371,V001,M0005,2025-01-22,0.0,B1,T5,machine_1,30,2,威海市,8.0,23.625595935574818,17.625595935574818,雨,3,无,0,0.0
372,V001,M0005,2025-01-23,0.0,B1,T5,machine_1,30,2,威海市,8.0,25.55255154936347,19.55255154936347,晴,3,无,0,0.0
373,V001,M0005,2025-01-24,8.0,B1,T5,machine_1,30,2,威海市,8.0,25.645512036402998,19.645512036402998,雨,1,无,0,0.0
374,V001,M0005,2025-01-25,0.0,B1,T5,machine_1,30,2,威海市,8.0,26.353255898299434,20.353255898299434,晴,1,无,1,0.0
375,V001,M0005,2025-01-26,0.0,B1,T5,machine_1,30,2,威海市,8.0,26.79150619408292,20.79150619408292,雨,2,无,1,0.0
376,V001,M0005,2025-01-27,6.0,B1,T5,machine_1,30,2,威海市,8.0,25.451200295900954,19.451200295900954,晴,2,无,0,0.0
377,V001,M0005,2025-01-28,0.0,B1,T5,machine_1,30,2,威海市,8.0,26.44602151201642,20.44602151201642,晴,3,节假日,0,0.0
378,V001,M0005,2025-01-29,7.0,B1,T5,machine_1,30,2,威海市,8.0,25.21974775380326,19.21974775380326,晴,2,无,0,0.0
379,V001,M0005,2025-01-30,0.0,B1,T5,machine_1,30,2,威海市,8.0,27.8097435371352,21.8097435371352,晴,1,无,0,0.0
380,V001,M0005,2025-01-31,9.0,B1,T5,machine_1,30,2,威海市,8.0,28.651297023930468,22.651297023930468,雨,1,节假日,0,0.0
381,V001,M0005,2025-02-01,0.0,B1,T5,machine_1,30,2,威海市,8.0,29.020253844500587,23.020253844500587,雨,3,节假日,1,0.0
382,V001,M0005,2025-02-02,0.0,B1,T5,machine_1,30,2,威海市,8.0,27.54475557496647,21.54475557496647,雨,1,无,1,0.0
383,V001,M0005,2025-02-03,1.0,B1,T5,machine_1,30,2,威海市,8.0,25.81538274234739,19.81538274234739,晴,2,无,0,0.0
384,V001,M0005,2025-02-04,5.0,B1,T5,machine_1,30,2,威海市,8.0,23.936331898707508,17.936331898707508,雨,2,无,0,1.0
385,V001,M0005,2025-02-05,0.0,B1,T5,machine_1,30,2,威海市,8.0,26.623459473774084,20.623459473774084,晴,2,无,0,0.0
386,V001,M0005,2025-02-06,11.0,B1,T5,machine_1,30,2,威海市,8.0,24.97303974797728,18.97303974797728,雨,2,无,0,0.0
387,V001,M0005,2025-02-07,0.0,B1,T5,machine_1,30,2,威海市,8.0,22.726547845903827,16.726547845903827,晴,2,无,0,0.0
388,V001,M0005,2025-02-08,0.0,B1,T5,machine_1,30,2,威海市,8.0,26.9985426652762,20.9985426652762,晴,1,无,1,0.0
389,V001,M0005,2025-02-09,0.0,B1,T5,machine_1,30,2,威海市,8.0,29.334571693494915,23.334571693494915,晴,2,无,1,1.0
390,V001,M0005,2025-02-10,4.0,B1,T5,machine_1,30,2,威海市,8.0,29.85106278103001,23.85106278103001,晴,3,无,0,0.0
391,V001,M0005,2025-02-11,0.0,B1,T5,machine_1,30,2,威海市,8.0,22.997112244588322,16.997112244588322,晴,2,无,0,0.0
392,V001,M0005,2025-02-12,10.0,B1,T5,machine_1,30,2,威海市,8.0,29.69126235121297,23.69126235121297,晴,2,无,0,0.0
393,V001,M0005,2025-02-13,0.0,B1,T5,machine_1,30,2,威海市,8.0,24.942977297767893,18.942977297767893,雨,2,无,0,0.0
394,V001,M0005,2025-02-14,11.0,B1,T5,machine_1,30,2,威海市,8.0,28.930580879624202,22.930580879624202,晴,3,无,0,0.0
395,V001,M0005,2025-02-15,8.0,B1,T5,machine_1,30,2,威海市,8.0,27.282002626544124,21.282002626544124,晴,2,无,1,0.0
396,V001,M0005,2025-02-16,0.0,B1,T5,machine_1,30,2,威海市,8.0,25.56991519988463,19.56991519988463,晴,1,无,1,0.0
397,V001,M0005,2025-02-17,0.0,B1,T5,machine_1,30,2,威海市,8.0,25.708766183481654,19.708766183481654,晴,2,无,0,0.0
398,V001,M0005,2025-02-18,0.0,B1,T5,machine_1,30,2,威海市,8.0,29.54630073493319,23.54630073493319,雨,1,无,0,0.0
399,V001,M0005,2025-02-19,7.0,B1,T5,machine_1,30,2,威海市,8.0,29.94096724196892,23.94096724196892,晴,3,无,0,0.0
400,V001,M0005,2025-02-20,0.0,B1,T5,machine_1,30,2,威海市,8.0,29.34849386808182,23.34849386808182,晴,2,无,0,0.0
401,V001,M0005,2025-02-21,0.0,B1,T5,machine_1,30,2,威海市,8.0,27.01850648486719,21.01850648486719,晴,2,无,0,0.0
402,V001,M0005,2025-02-22,0.0,B1,T5,machine_1,30,2,威海市,8.0,29.770212282813556,23.770212282813556,晴,3,无,1,0.0
403,V001,M0005,2025-02-23,2.0,B1,T5,machine_1,30,2,威海市,8.0,31.08832598554237,25.08832598554237,雨,3,无,1,0.0
404,V001,M0005,2025-02-24,0.0,B1,T5,machine_1,30,2,威海市,8.0,30.821537745157727,24.821537745157727,雨,3,无,0,0.0
405,V001,M0005,2025-02-25,0.0,B1,T5,machine_1,30,2,威海市,8.0,26.242285311990948,20.242285311990948,晴,3,无,0,1.0
406,V001,M0005,2025-02-26,7.0,B1,T5,machine_1,30,2,威海市,8.0,30.72655632028048,24.72655632028048,雨,3,无,0,0.0
407,V001,M0005,2025-02-27,0.0,B1,T5,machine_1,30,2,威海市,8.0,29.58346435981959,23.58346435981959,晴,2,无,0,0.0
408,V001,M0005,2025-02-28,10.0,B1,T5,machine_1,30,2,威海市,8.0,31.39228830733748,25.39228830733748,晴,1,无,0,0.0
409,V001,M0005,2025-03-01,0.0,B1,T5,machine_1,30,2,威海市,8.0,33.37299302879451,27.37299302879451,雨,1,无,1,0.0
410,V001,M0005,2025-03-02,0.0,B1,T5,machine_1,30,2,威海市,8.0,31.247743809870435,25.247743809870435,雨,1,无,1,0.0
411,V001,M0005,2025-03-03,4.0,B1,T5,machine_1,30,2,威海市,8.0,26.857844637070947,20.857844637070947,晴,2,无,0,0.0
412,V001,M0005,2025-03-04,6.0,B1,T5,machine_1,30,2,威海市,8.0,27.440507040141856,21.440507040141856,雨,1,无,0,0.0
413,V001,M0005,2025-03-05,6.0,B1,T5,machine_1,30,2,威海市,8.0,28.12071558141863,22.12071558141863,晴,3,节假日,0,0.0
414,V001,M0005,2025-03-06,0.0,B1,T5,machine_1,30,2,威海市,8.0,30.37843382825619,24.37843382825619,晴,2,无,0,0.0
415,V001,M0005,2025-03-07,0.0,B1,T5,machine_1,30,2,威海市,8.0,29.801112818103366,23.801112818103366,晴,1,无,0,0.0
416,V001,M0005,2025-03-08,0.0,B1,T5,machine_1,30,2,威海市,8.0,30.049271144747255,24.049271144747255,雨,1,无,1,0.0
417,V001,M0005,2025-03-09,0.0,B1,T5,machine_1,30,2,威海市,8.0,26.2386345581218,20.2386345581218,雨,3,无,1,0.0
418,V001,M0005,2025-03-10,0.0,B1,T5,machine_1,30,2,威海市,8.0,31.849101361082973,25.849101361082973,晴,2,节假日,0,0.0
419,V001,M0005,2025-03-11,0.0,B1,T5,machine_1,30,2,威海市,8.0,28.606938716936835,22.606938716936835,晴,3,无,0,0.0
